,did,short,n_class,mean_f1_xgb,mean_f1_catb,mean_f1_lgb,mean_f1_rf,mean_f1_etc,mean_f1_cart,mean_f1_lda,mean_f1_knn,mean_f1_wpKNN,mean_f1_gnb,mean_f1_ftt,mean_acc_xgb,mean_acc_catb,mean_acc_lgb,mean_acc_rf,mean_acc_etc,mean_acc_cart,mean_acc_lda,mean_acc_knn,mean_acc_wpKNN,mean_acc_gnb,mean_acc_ftt,mean_auc_xgb,mean_auc_catb,mean_auc_lgb,mean_auc_rf,mean_auc_etc,mean_auc_cart,mean_auc_lda,mean_auc_knn,mean_auc_wpKNN,mean_auc_gnb,mean_auc_ftt,dur_total_xgb,dur_total_catb,dur_total_lgb,dur_total_rf,dur_total_etc,dur_total_cart,dur_total_lda,dur_total_knn,dur_total_wpKNN,dur_total_gnb,dur_total_ftt
0,46880,air-quality-and-pollution,4.0,0.9283836042762426,0.9231588301038295,0.9290046802128348,0.9291261632338431,0.9247376423595641,0.8843775847625606,0.9095796529229568,0.7427010262909679,0.747495795841164,0.8905383850139776,0.9095132052898407,0.9521999999999998,0.9487,0.9523999999999999,0.9530000000000001,0.9512,0.9207000000000001,0.9365,0.7944000000000001,0.8066000000000001,0.9226000000000001,0.9391131341457367,0.9954508333333333,0.9956234027777777,0.9955881111111111,0.9949764563492064,0.9951663700396824,0.9497152777777778,0.9925986071428572,0.8597569444444444,0.9435570248015874,0.9878751547619048,0.9904727637767792,0.1997749805450439,1.157738924026489,0.1423259973526001,0.4756247997283936,0.4548754692077637,0.01748800277709961,0.03000771999359131,0.0,0.07954585552215576,0.0,15.71888530254364
1,46773,alizadeh-2000-v2,3.0,0.8594312578832703,0.8636807705538356,0.94400871459695,0.9485380116959063,0.9742690058479532,0.907645912166036,0.936120857699805,0.9913725490196079,1.0,0.8514035087719298,0.2903398811817169,0.9076923076923077,0.9076923076923077,0.953846153846154,0.9692307692307693,0.9846153846153847,0.9307692307692308,0.9615384615384617,0.9923076923076923,1.0,0.9307692307692308,0.6240601569414139,0.9786713286713287,0.9842657342657344,0.972027972027972,0.9947552447552447,1.0,0.9272727272727274,0.9947552447552447,0.9954545454545455,1.0,0.9182692307692306,0.4929012566804886,0.1746736764907837,2.340303659439087,0.07719802856445312,0.07945120334625244,0.1102405786514282,0.00836336612701416,0.01647853851318359,0.008776545524597168,0.00101923942565918,0.0,0.8973186016082764
2,1457,amazon-commerce-reviews,50.0,0.7090450214560122,0.7150574170927111,0.7076851840969487,0.667027715370285,0.7273391018338387,0.4320474068930725,0.1138892029126309,0.3067801120608053,0.3087164625588438,0.5385568487900829,0.06590560600161552,0.7183333333333334,0.7213333333333334,0.7163333333333333,0.681,0.7393333333333333,0.4326666666666667,0.12,0.3126666666666667,0.3196666666666667,0.5449999999999999,0.07765118405222893,0.980234693877551,0.981859410430839,0.9779761904761906,0.9566456916099775,0.9723792517006803,0.7105442176870749,0.6027114512471654,0.6493197278911566,0.7527358276643991,0.7682840136054423,0.6432168841361999,44.56401181221008,19.12541282176971,19.23102641105652,1.823978662490845,4.29340124130249,2.256211996078491,1.831763982772827,0.07511937618255615,3.274571537971497,0.8331354856491089,38.50614154338837
3,454,analcatdata-halloffame,3.0,0.6515671436682492,0.644106946440034,0.6490367044855686,0.6588387202454413,0.6662593312697642,0.5679878468127177,0.673809138869941,0.592656489378184,0.6300515936404206,0.6024317897638165,0.6365572690963746,0.930223880597015,0.9309701492537314,0.9317164179104479,0.933955223880597,0.937313432835821,0.901865671641791,0.9294776119402985,0.9033582089552237,0.9309701492537314,0.8205223880597015,0.9238614022731781,0.9540433964861194,0.9582355583216305,0.9569369198463701,0.9551083349376468,0.9612706045281421,0.7662572995496185,0.9372691300079156,0.743548607494102,0.8642078748845924,0.9405162581345546,0.9302201926708221,0.06429398059844971,1.152686953544617,0.09229087829589844,0.1427338123321533,0.1528371572494507,0.005752801895141602,0.0,0.0,0.02428960800170898,0.0,4.828198075294495
4,40709,analcatdata-happiness,3.0,0.398992303992304,0.4042183742183741,0.5258831908831908,0.3203775853775854,0.2604761904761904,0.4383116883116883,0.5693049543049543,0.448109668109668,0.4273617123617123,0.5844113294113294,0.3663488790392876,0.425,0.425,0.5583333333333333,0.3333333333333333,0.2583333333333333,0.4583333333333333,0.5833333333333333,0.4583333333333333,0.4416666666666667,0.6000000000000001,0.3748677223920822,0.5854166666666667,0.6343750000000001,0.7124999999999999,0.4567708333333333,0.4098958333333333,0.5973958333333333,0.7552083333333333,0.59375,0.6098958333333333,0.6791666666666667,0.5479560494422913,0.04356217384338379,1.061821222305298,0.0105888843536377,0.07346665859222412,0.09492170810699463,0.0,0.0,0.0,0.000431060791015625,0.0,0.496593713760376
5,2,anneal,5.0,0.7976111572603274,0.6593200708801,0.7721720481355783,0.7733364314028655,0.7813902202149082,0.7316228857880863,0.3722265743873894,0.7066840848374732,0.727446942306215,0.2838374809126217,0.4114807367324829,0.9033333333333331,0.8788888888888888,0.8938888888888888,0.8927777777777777,0.8905555555555555,0.8666666666666666,0.7511111111111111,0.8577777777777778,0.8711111111111112,0.2277777777777778,0.7980824828147888,0.9690974265974628,0.9568500806477586,0.961986954320607,0.9497671654665585,0.9205142729060432,0.8682051995896065,0.7343326112234203,0.8234973372108669,0.8795198708361303,0.7115626003024003,0.828399932384491,0.103270411491394,1.161646604537964,0.09424233436584473,0.09444940090179443,0.1419943571090698,0.001870989799499512,0.0008701086044311523,0.0,0.01572537422180176,0.0,2.877958297729492
6,5,arrythmia,9.0,0.5923579760708726,0.6549406115857866,0.5945871000695611,0.5761251365953951,0.5257071816230791,0.5304285854728408,0.4117088649373161,0.3968740759730862,0.3614050212246891,0.2684573229839858,0.2196743577718735,0.7650602409638554,0.7927710843373494,0.7590361445783133,0.7686746987951807,0.7433734939759036,0.6662650602409639,0.5120481927710843,0.574698795180723,0.6457831325301204,0.1891566265060241,0.572926265001297,0.890315071298524,0.9041181192993953,0.8952366908208175,0.9036179305590963,0.8926039205245406,0.745995679778662,0.7323411106129594,0.6349391120208673,0.7509626667224555,0.6606306356132209,0.6485913932323456,0.4753150939941406,1.554964303970337,0.283057689666748,0.1713227033615112,0.2137764692306519,0.02581584453582764,0.17610764503479,0.01394450664520264,0.01568210124969482,0.004013776779174805,10.03149676322937
7,1459,artificial-characters,10.0,0.8997521514340923,0.6636973754476866,0.9118744609806051,0.9102307047160336,0.909537708609,0.9067502023311194,0.3131794166631493,0.8975179634428885,0.8948917835002781,0.2447349938512443,0.5861653208732605,0.9068003913894327,0.6737769080234834,0.9177103718199608,0.9122309197651663,0.9116438356164384,0.9093933463796476,0.3412426614481409,0.899706457925636,0.8971624266144813,0.2620352250489237,0.5924309968948365,0.9947791594494071,0.9628125545090939,0.9953453656420814,0.9903200216761681,0.9935837308470923,0.9544654662225543,0.8015930421778993,0.944134317691914,0.9743322477256561,0.7237686631884147,0.9502082407474518,0.5090105533599854,1.3600754737854,0.393231987953186,0.6984937191009521,1.247069239616394,0.01946938037872314,0.005613207817077637,0.005849838256835938,0.1762663125991821,0.0,29.54611206054688
8,44200,auto-ml-selector,5.0,0.3710371194023367,0.3609455230759579,0.3559568103394189,0.3392167870776567,0.2765156375787955,0.3486677669707687,0.2240334140621996,0.3219174969509334,0.3568674155745094,0.2169165050635639,0.1786048084497452,0.565,0.5650000000000001,0.595,0.58,0.49,0.45,0.46,0.4800000000000001,0.545,0.225,0.4822660088539124,0.7098282163742688,0.7037902046783626,0.7231871345029239,0.6942077850877193,0.6113304093567251,0.6009786184210526,0.5877595029239766,0.630592105263158,0.6919910453216374,0.5634795321637426,0.5570553004741668,0.06043434143066406,1.192407846450806,0.02153325080871582,0.06268250942230225,0.09517073631286621,0.0,0.0,0.0,0.0,0.0,0.8331552743911743
9,1548,auto-univ-au4-2500,3.0,0.4562262249132997,0.458805689378636,0.4626775227149385,0.4070637496788351,0.3849989860230648,0.4354197549521808,0.3486184624593847,0.3365215208498339,0.3318161163969263,0.3494741401700397,0.3854241371154785,0.6574,0.6614000000000001,0.6668000000000001,0.5875999999999999,0.5559999999999999,0.5688,0.4926,0.4364,0.458,0.5024,0.5554732978343964,0.7586312201429142,0.7582837170501425,0.7690029991626138,0.6526896470759751,0.6139181888441533,0.6317471688553324,0.5475661215222563,0.506983141144814,0.5113170988082709,0.5561049349434966,0.6075799465179443,0.5583583116531372,1.340023636817932,0.2261136770248413,0.5189063549041748,0.6631597280502319,0.04749274253845215,0.01566004753112793,0.01193082332611084,0.06782364845275879,0.0,21.31440460681915
10,1552,auto-univ-au7-1100,5.0,0.3679663821704378,0.3870646673894358,0.3701192232486294,0.377471632495685,0.361368330568062,0.3213205344838425,0.3052450628180118,0.2158187187406347,0.2419380875270284,0.3031746924340443,0.2906314432621002,0.3890909090909091,0.4163636363636363,0.39,0.4077272727272727,0.385,0.3295454545454545,0.3413636363636364,0.2263636363636363,0.2572727272727272,0.3463636363636364,0.3288198620080948,0.6841099923083654,0.7123532247500193,0.682668882589017,0.6991205209746263,0.6982291349140999,0.5738227248822254,0.633273170972324,0.5101434929816071,0.5501848962970397,0.6392858652877242,0.6474308252334595,0.2126606702804565,1.2360680103302,0.1558381319046021,0.1503912210464478,0.2605862617492676,0.0,0.01042449474334717,0.0,0.01593387126922607,0.0,3.743270993232727
11,4552,bach,68.0,0.5756148165310659,0.5057046602379842,0.02307134297912341,0.5469633255298734,0.5574529019482177,0.5254225861417583,0.4738216692830875,0.3697631458949537,0.2471640018485219,0.1830014002152659,0.3526677846908569,0.785778175313059,0.7683363148479427,0.1367620751341682,0.7746869409660107,0.7722719141323793,0.7250447227191412,0.6757602862254025,0.4903398926654741,0.392128801431127,0.1210196779964222,0.7083511650562286,0.9831807338338019,0.9837441683645103,0.5433956873771829,0.9758357603814412,0.9716427253229041,0.8567816718024046,0.9763605080050446,0.7319107869827637,0.8181181235252406,0.9335160278545389,0.9638837814331055,2.018284678459167,3.662691950798035,0.7561752796173096,0.6558316946029663,1.532232165336609,0.01576602458953857,0.02670431137084961,0.03951680660247803,0.1023083925247192,0.01372206211090088,19.49962437152863
12,185,baseball,3.0,0.6515671436682492,0.644106946440034,0.6490367044855686,0.6634095602235901,0.6662593312697642,0.5679878468127177,0.673809138869941,0.592656489378184,0.6300515936404206,0.6024317897638165,0.6363377392292022,0.930223880597015,0.9309701492537314,0.9317164179104479,0.9365671641791046,0.937313432835821,0.901865671641791,0.9294776119402985,0.9033582089552237,0.9309701492537314,0.8205223880597015,0.9235798239707946,0.9540433964861194,0.9582355583216305,0.9569369198463701,0.9526916293254157,0.9612706045281421,0.7662572995496185,0.9372691300079156,0.743548607494102,0.8642078748845924,0.9405162581345546,0.9303821325302124,0.0636746883392334,1.152118563652039,0.09180915355682373,0.1432713270187378,0.1582876443862915,0.0,0.0,0.0,0.02563083171844482,0.0,4.644005417823792
13,327,bridges,6.0,0.5335351041001195,0.5437975043818698,0.4521327066180008,0.582834189231248,0.5567316370992842,0.5987158869395712,0.3750065672201895,0.5066317755172245,0.4628812636165578,0.3571363358863359,0.2292088314890862,0.6095238095238095,0.6571428571428571,0.5761904761904761,0.6761904761904761,0.6285714285714284,0.6571428571428573,0.5476190476190477,0.5476190476190476,0.5619047619047619,0.4047619047619048,0.4535714298486709,0.8485867446393762,0.8512914230019494,0.8604775828460041,0.862148426622111,0.8739035087719298,0.7874269005847954,0.822883597883598,0.7056286549707602,0.7655806182121971,0.8350529100529099,0.7161182343959809,0.07253241539001465,1.084938168525696,0.02303028106689453,0.06336081027984619,0.09493112564086914,0.0,0.0,0.001015901565551758,0.0,0.0,0.7141821384429932
14,40663,calendar-dow,5.0,0.5568515745652959,0.5578023312361176,0.5619763537545716,0.5704402455878654,0.5794166642748645,0.5628463480793179,0.511379165246814,0.5314497638383711,0.5248419928560241,0.4266473123972201,0.3881387799978256,0.59,0.59125,0.5912499999999999,0.5962500000000001,0.605,0.5974999999999999,0.5375,0.56125,0.56,0.4400000000000001,0.4290079355239868,0.8656376764543318,0.8671335795253077,0.868229270961035,0.8631928705443613,0.8525297591846618,0.7507775202415541,0.774687274446428,0.7222273302840724,0.8096835066065793,0.7276952890212404,0.7186542212963104,0.135215163230896,1.220858216285706,0.07097470760345459,0.07903122901916504,0.1420555114746094,0.0,0.002008199691772461,0.001263260841369629,0.00882875919342041,0.0,1.983754754066467
15,455,cars,3.0,0.7802392193510761,0.7598755811523855,0.7789823907394421,0.7803575186189562,0.7710102502499965,0.7323450119648228,0.61803309378447,0.6071579093718372,0.592329347529416,0.6196622497562695,0.5381487548351288,0.8487804878048781,0.8414634146341463,0.85,0.85,0.8378048780487806,0.8182926829268291,0.724390243902439,0.7182926829268292,0.7109756097560975,0.6914634146341463,0.6846213936805725,0.9544379525731618,0.9585758977802497,0.9573261918004571,0.9587991351802605,0.954455371379993,0.8500408514611693,0.9008117893473766,0.7598860536029529,0.8763795419227446,0.8755639405433315,0.8357482612133026,0.04595506191253662,1.095754623413086,0.04046285152435303,0.07937026023864746,0.1114945411682129,0.0,0.0,0.0,0.006299138069152832,0.0,1.374428391456604
16,46829,cervical-cancer-risk,5.0,0.2315499503579195,0.2368785477319524,0.2081879914736336,0.248001832038136,0.2510329965611127,0.2374093992099124,0.2214742905061509,0.2190433624142861,0.2117175595211561,0.0348022237232888,0.1976840972900391,0.8790697674418604,0.8872093023255815,0.8784883720930232,0.880813953488372,0.8848837209302326,0.8825581395348838,0.8726744186046511,0.7982558139534884,0.8802325581395349,0.01686046511627907,0.8615733742713928,0.6208154885680646,0.6470178734452001,0.6195445825990157,0.6465323751418588,0.6401679602100323,0.6059947132949123,0.6196621319872803,0.523322714730348,0.5740319298545249,0.5795164792827344,0.5618497729301453,0.1131882667541504,1.109502792358398,0.06806612014770508,0.07896089553833008,0.1262565851211548,0.0,0.0,0.001018404960632324,0.01579582691192627,0.0,2.665876507759094
17,40711,cleveland-nominal,5.0,0.2663076197041399,0.269861351858471,0.2605333728855697,0.2638159944028883,0.2825020048678211,0.278459081924235,0.2660162768631036,0.2950384007136101,0.2765953818982788,0.2336744084648514,0.2587327599525452,0.5065573770491805,0.521311475409836,0.5114754098360657,0.5131147540983607,0.5327868852459016,0.5098360655737706,0.5459016393442623,0.4918032786885246,0.5377049180327869,0.4377049180327869,0.5354264795780181,0.7375576163258469,0.7495905437861345,0.7556991305284126,0.7286651203412084,0.6767246060160137,0.6454511112905686,0.7866100777350071,0.6305322021528917,0.6965393565252244,0.7391231766370263,0.7054683327674866,0.1123851537704468,0.8020505905151367,0.03922784328460693,0.07076752185821533,0.1107339859008789,0.0,0.0,0.0,0.0,0.0,1.082576990127563
18,1468,cnae-9,9.0,0.9193907877372061,0.9017408363893764,0.8422926373318024,0.9303871511401771,0.9405487358079464,0.86857076138524,0.8508730434689733,0.8597073907964878,0.8691221406821364,0.9022082520899177,0.482670983672142,0.9194444444444445,0.9009259259259259,0.8407407407407408,0.9305555555555556,0.9407407407407407,0.8671296296296296,0.849537037037037,0.8587962962962964,0.8703703703703705,0.9041666666666666,0.4832627177238464,0.9941141010802468,0.99223331404321,0.9813922646604938,0.9947446469907408,0.9951702353395062,0.9252604166666668,0.9651439525462964,0.9205729166666666,0.9753303433641974,0.9697542920524691,0.8300020694732666,0.8292720317840576,1.046267986297607,0.1847466230392456,0.1791808605194092,0.5055797100067139,0.01572847366333008,0.2806506156921387,0.01726627349853516,0.1733157634735107,0.01306498050689697,22.47406768798828
19,40971,collins,30.0,0.2029883330764956,0.2056132511873733,0.19318190432127,0.205451229215817,0.2057001835638093,0.1279754151932167,0.2231154122686482,0.1587302442250677,0.1756735507697436,0.2190115397166336,0.1110034056007862,0.251,0.271,0.236,0.2735,0.2705,0.1505,0.271,0.1885,0.2205,0.265,0.1748041793704033,0.8305488539079778,0.8619306617112205,0.8107959135294662,0.839889225134445,0.8523736840106947,0.5550820554154847,0.8566176295266864,0.5763276724165023,0.702201360720815,0.8452563450285446,0.787675678730011,0.5773084163665771,1.501972198486328,0.7939966917037964,0.2930195331573486,0.3158926963806152,0.0157158374786377,0.0,0.01474916934967041,0.01598250865936279,0.0,3.643313646316528
20,46786,deng-reads,9.0,0.9429900481828735,0.9523119726305291,0.9540367310060404,0.9338726070576125,0.936814047250677,0.8302013835663049,0.7319477443983885,0.9166754946377595,0.8841812929316483,0.602595789760536,0.1350134499371052,0.9490566037735849,0.941509433962264,0.9735849056603776,0.9037735849056604,0.911320754716981,0.8471698113207549,0.7226415094339622,0.8754716981132076,0.8377358490566038,0.6,0.2174999997019768,0.9964112878066809,0.9979687905283855,0.998324744699369,0.9910448034344187,0.991591568589256,0.9102553444062542,0.9219937616261881,0.9245826264214184,0.965655331503007,0.7643335778014297,0.564701497554779,33.15053713321686,35.00802385807037,9.67623496055603,0.4722733497619629,0.75867760181427,0.6483749151229858,0.5429157018661499,0.01591038703918457,0.3172407150268555,0.1109048128128052,5.667245984077454
21,43035,dgf,5.0,0.6354503763592494,0.6717256927114039,0.6332685267902242,0.6104190589390712,0.6394055606405256,0.6421719181961484,0.6454951407519282,0.5663018874946494,0.5664372463133438,0.5186542510002791,0.406759187579155,0.862142857142857,0.8742857142857143,0.8600000000000001,0.8542857142857143,0.8550000000000001,0.8464285714285715,0.8007142857142858,0.7714285714285714,0.8071428571428572,0.6742857142857144,0.7334796667099,0.9488793525315267,0.9556777715038584,0.9471110013175231,0.9515145398080179,0.9500608648597779,0.8690909090909089,0.9009209015622058,0.7968708827404479,0.90413290513834,0.8614953651421043,0.8365005016326904,0.1295220851898193,1.057704091072083,0.1336919069290161,0.09747636318206787,0.1534110307693481,0.002753615379333496,0.03009974956512451,0.01261317729949951,0.01383817195892334,0.0,3.027602434158325
22,45069,diabetes-130-us,3.0,0.4065682046302712,0.3862736999955008,0.3999408102935271,0.3919564002186183,0.3906107680552244,0.3811174669930754,0.3561296066403365,0.3735115374948459,0.377753492376579,0.0862585662643782,0.3849349558353424,0.5879090105139039,0.588115358160558,0.5899921391372703,0.57545445612656,0.568025940847008,0.4713275031934755,0.56672889849661,0.4725115456421343,0.5167387245750221,0.1234794143657267,0.5824378490447998,0.6815931191180808,0.6827333547327598,0.6853569394893487,0.6587518625891085,0.6480970049053894,0.5473254312788137,0.6384930403287126,0.538709626394073,0.5813081221184961,0.5856986681988388,0.6621353507041932,1.290560960769653,2.597669720649719,0.4959709644317627,8.445899844169617,19.47841656208038,0.4431816339492798,0.1448820829391479,10.27850198745728,46.67832720279694,0.04743099212646484,383.8377488851547
23,694,diggle-table-a2,9.0,0.9628023773612009,0.9920678014795661,0.9791380369811741,0.9585067075263154,0.9747302225733601,0.9950617283950617,0.8078505911221171,0.9977591036414566,0.9950617283950617,0.8848876916188578,0.5350608497858047,0.964516129032258,0.9919354838709677,0.9790322580645162,0.9629032258064516,0.9741935483870968,0.9967741935483871,0.803225806451613,0.9983870967741936,0.9967741935483871,0.8806451612903226,0.5570916622877121,0.9960970383942236,0.9999402628434886,0.9997637666992507,0.9995260836909278,0.9995850982947758,0.9981481481481481,0.978750278435899,0.999074074074074,0.999074074074074,0.9933241012273271,0.8984507858753205,0.07911849021911621,0.9910160303115845,0.06679081916809082,0.0792081356048584,0.1105502843856812,0.0,0.0,0.0,0.0,0.0,1.202101111412048
24,46480,eda-mortgage-ny,6.0,0.4850163244701156,0.4541572070444279,0.4824111495349038,0.5000922856698338,0.4926579912145092,0.4848402393508942,0.3673523616859554,0.2556106394415088,0.2598854866289807,0.1702574755951194,0.4451280027627945,0.7624701467076083,0.7573922438303196,0.7643238940065962,0.7398157625383829,0.7222677129534858,0.698993517570795,0.6941430683498238,0.4319629250540203,0.4963778005231433,0.5169680427612875,0.748409914970398,0.9370719553441363,0.9329645173304784,0.9375503503649979,0.9241141780366459,0.9107906720015382,0.7925916953695749,0.8749125297021856,0.5773703970881414,0.6354264129928147,0.7613448157072317,0.8964225649833679,1.575257658958435,1.801337361335754,0.8565168380737305,5.570103645324707,9.76012909412384,0.204166054725647,0.0746762752532959,0.6274106502532959,1.894149661064148,0.03165018558502197,266.2119804620743
25,1472,energy-efficiency,30.0,0.6971965716971613,0.6016756403567416,0.685704536629638,0.69506374840991,0.6869530869447016,0.6854051855197224,0.3231947195752392,0.5192066444573967,0.4740943865554755,0.4270223016138301,0.2561321750283241,0.756,0.7166666666666666,0.7506666666666667,0.7546666666666667,0.7433333333333333,0.738,0.3986666666666667,0.5799999999999998,0.5413333333333334,0.4806666666666667,0.3963267117738724,0.9782556925535054,0.9872182975754533,0.9749771262125021,0.9842431596204226,0.9674121326921912,0.8634523753182375,0.9367547701405776,0.7801648027140813,0.9264393883138936,0.9370364437904959,0.8705986142158508,0.2553743124008179,1.390740752220154,0.4875385761260986,0.1166547536849976,0.1744763851165771,0.0,0.0,0.0,0.01575922966003418,0.0,2.864178538322449
26,46515,financial-risk-assessment,3.0,0.3045139033599493,0.2517475519083032,0.2686212935487738,0.2796310943049529,0.2999292367684014,0.3296154606905304,0.25,0.3335190849897586,0.3256821978302084,0.25,0.2506446152925491,0.5627666666666667,0.5990666666666667,0.5913333333333334,0.5857666666666665,0.5676333333333333,0.4426666666666667,0.5999999999999999,0.4564,0.5192,0.5999999999999999,0.5995395421981812,0.5026445469576719,0.4998675145502646,0.5029398108465608,0.5089568119488537,0.5115748672839506,0.4963214285714286,0.5023367451499119,0.499077380952381,0.5000029217372134,0.5044631781305116,0.5039716303348541,0.1599684953689575,0.9446631669998169,0.126072883605957,1.041662693023682,1.716948866844177,0.05170464515686035,0.001024365425109863,0.05408942699432373,0.3014129400253296,0.0,45.84851372241974
27,285,flags,6.0,0.5596838480956274,0.4951646140319764,0.5662593211389034,0.556162080981082,0.5160951550364886,0.5169402606723579,0.4435860440442484,0.326820998323769,0.3404576300672119,0.4518740974654288,0.175308595597744,0.6894736842105262,0.6473684210526316,0.7000000000000001,0.6973684210526315,0.6473684210526316,0.6236842105263158,0.5473684210526315,0.4421052631578948,0.4605263157894736,0.5421052631578946,0.3539115607738495,0.9189344743164778,0.9091391261186466,0.917810582468371,0.932201871122181,0.9004740351965523,0.764796663909567,0.7982376517441245,0.645477027452834,0.7266536170865543,0.8107759327366182,0.6260558187961578,0.09060931205749512,0.9991096258163452,0.03988897800445557,0.07750856876373291,0.1208418607711792,0.0,0.001033306121826172,0.0,0.0,0.0,1.217991948127747
28,46184,flare,6.0,0.6207057198806643,0.6133593602748918,0.6126242702504803,0.6143376117305667,0.6050490318927177,0.6081289714532405,0.6240729316160591,0.569053113903656,0.5850303111066945,0.5464318801507002,0.5484613358974457,0.7341121495327102,0.7411214953271028,0.7294392523364486,0.7313084112149533,0.72803738317757,0.7275700934579439,0.7429906542056075,0.6794392523364485,0.7172897196261682,0.6883177570093457,0.6935815036296844,0.9283663286345402,0.9383477601281636,0.9318963619801309,0.9245615030376391,0.9031914730699471,0.8811681999799561,0.9257610220948239,0.8046579235537752,0.9030852791021144,0.9216837381047321,0.9077801287174225,0.1373010873794556,0.9252381324768066,0.1191097497940063,0.09138643741607666,0.1424638032913208,0.0,0.001093268394470215,0.0,0.01601803302764893,0.0,2.828413248062134
29,46764,football-player-position,4.0,0.8455938584309581,0.8516759017809059,0.8483352318139701,0.8475926192548862,0.8466026769916872,0.7794493422156459,0.8376097385557968,0.6674950264613273,0.7141029378888109,0.7910052156868266,0.8345936238765717,0.8315352697095435,0.8380359612724757,0.8344398340248962,0.8331950207468879,0.8329183955739972,0.7598893499308437,0.8225449515905947,0.6506224066390042,0.7038727524204702,0.7733056708160442,0.8217213869094848,0.9542020945855862,0.9581575993750759,0.9557985768872884,0.9542004586393272,0.9561366626694733,0.8180774594755219,0.9380529938920311,0.7358412555156875,0.8502515961918323,0.9145168308194741,0.9607166290283203,0.1429557800292969,1.000810623168945,0.1530708074569702,0.4094318151473999,0.3801379203796387,0.01587784290313721,0.0,0.0,0.06341898441314697,0.0,10.27071130275726
30,46780,golub-1999-v2,3.0,0.9232833234303822,0.8842142443613031,0.9164411840882429,0.8575267379679146,0.8983764111705289,0.8020385551267903,0.8648459383753501,0.8930081181861368,0.914488017429194,0.5843183381805672,0.2787312924861908,0.9266666666666667,0.8933333333333333,0.9400000000000001,0.9199999999999999,0.9266666666666665,0.8266666666666665,0.8866666666666667,0.9000000000000001,0.9266666666666667,0.7666666666666667,0.47207792699337,0.9889597069597069,0.9477948717948719,0.9877948717948717,0.9905787545787547,0.9930695970695972,0.8653846153846153,0.9750549450549449,0.9004395604395606,0.9983809523809523,0.761904761904762,0.5349643498659133,0.156072735786438,1.963210821151733,0.06345105171203613,0.102239727973938,0.1108908653259277,0.009049773216247559,0.01243722438812256,0.004504561424255371,0.0,0.0,0.8854262828826904
31,329,hayes-roth,3.0,0.7847831818648828,0.8277050205795833,0.8224492515277124,0.8211881575214909,0.8247159724610998,0.8231291447636824,0.5240772494575593,0.6829556489967091,0.6561977733536872,0.6640540499894941,0.5110510289669037,0.75625,0.79375,0.796875,0.784375,0.7875,0.790625,0.5,0.7,0.66875,0.6375,0.4968253910541535,0.932774544534413,0.945065789473684,0.9456287955465588,0.9231907894736843,0.8751644736842106,0.8771381578947368,0.7102226720647773,0.7480769230769232,0.855285298582996,0.8170546558704453,0.7204468846321106,0.04527890682220459,0.8344626426696777,0.01514923572540283,0.06301712989807129,0.09773731231689453,0.0,0.0,0.0,0.0,0.0,0.6303818225860596
32,1565,heart-h,5.0,0.3401722721709389,0.3480590139673746,0.3054104044655909,0.3578551184720482,0.3581045876104173,0.2999394750332955,0.328946879131614,0.1941523026986391,0.1917121541284879,0.2263138834731958,0.2441378459334373,0.6338983050847458,0.6847457627118644,0.635593220338983,0.6813559322033897,0.6661016949152543,0.5694915254237289,0.6305084745762712,0.4830508474576271,0.58135593220339,0.2932203389830509,0.6210807859897614,0.8067400608014614,0.8356783185013118,0.8025028117129173,0.8269081560694929,0.8230387757370489,0.6581034356977753,0.8232062143638734,0.5529383221600203,0.6138948891187459,0.7422589461344659,0.7084027349948883,0.05072879791259766,0.9437185525894165,0.0499107837677002,0.07907986640930176,0.1089615821838379,0.001037120819091797,0.0,0.0,0.0,0.0,1.220731973648071
33,1513,heart-switzerland,5.0,0.2760002434113351,0.247784901652542,0.2354144520620493,0.2570802328674451,0.2455455328984741,0.2334372911230496,0.228261245187561,0.2292602376983182,0.1916298304423624,0.1190216245742562,0.1667000308632851,0.384,0.412,0.36,0.408,0.392,0.372,0.356,0.344,0.328,0.12,0.3530244469642639,0.613189168573608,0.6224311212814646,0.5797128146453089,0.6366864988558353,0.599940465293669,0.5631864988558352,0.5767360030511061,0.5450448131197559,0.5648848588863464,0.5127032799389779,0.5375679761171341,0.07392525672912598,0.9528487920761108,0.01720821857452393,0.07703685760498047,0.1029574871063232,0.0,0.0,0.0,0.0,0.0,0.7528702020645142
34,41169,helena,100.0,0.2123575665388739,0.1725997583233276,0.01969529253204249,0.2037173368076668,0.2052771191699899,0.1169841711566224,0.1444790667762678,0.08965011327093322,0.09707226498181197,0.1122997956810588,0.1655702322721481,0.3403757668711657,0.3415260736196318,0.06115030674846626,0.3629984662576687,0.3595858895705521,0.2204601226993865,0.3004907975460122,0.1772776073619632,0.2112730061349693,0.231111963190184,0.339960852265358,0.8774831145931934,0.8927249610209923,0.5185131501886986,0.8581033073413119,0.8688770513673889,0.6023025733930807,0.8567767759951362,0.5799176561247377,0.6582523842788796,0.8333514122369774,0.8737966895103455,28.33225297927856,9.257176160812378,12.35623979568481,81.33512139320374,32.46410894393921,6.447252750396729,0.06362032890319824,0.4375505447387695,5.371741414070129,0.2371804714202881,242.4420953989029
35,1087,hepatitis-c,3.0,0.5570281396937847,0.5419211447349541,0.5879726383308947,0.5255582018717371,0.5596154543470363,0.5202964336844078,0.7606685570096573,0.7243387861269946,0.626496138049179,0.7022687688608642,0.3788880050182343,0.8929824561403507,0.8842105263157893,0.8999999999999998,0.8894736842105264,0.8982456140350876,0.8228070175438595,0.9210526315789475,0.8964912280701753,0.8982456140350876,0.9122807017543859,0.8452661156654357,0.9127068851373717,0.8925438596491228,0.9164349553128103,0.8916956305858988,0.9083974677259186,0.6606132075471699,0.9325140681893412,0.801061320754717,0.8633978814961933,0.7788253061900033,0.6397813260555267,61.53163313865662,75.41786253452301,31.03814923763275,1.606462121009827,1.524694323539734,3.952667355537415,1.324730515480042,0.1256049871444702,0.8304109573364258,0.1586893796920776,9.540820360183716
36,57,hypothyroid,3.0,0.3575308968347167,0.3296272897682019,0.3543770025795583,0.3607989826241474,0.3622062022540885,0.3683815507005356,0.32,0.382383935542924,0.3461906891174428,0.1371422464727069,0.3218063116073608,0.9175066312997349,0.9226790450928382,0.9153846153846154,0.9068965517241379,0.8981432360742705,0.8937665782493369,0.9230769230769231,0.8584880636604775,0.9084880636604774,0.1647214854111406,0.9195313870906829,0.7257458774407788,0.7271520440986409,0.7088192151761163,0.6725427503443928,0.6383288322419197,0.618581643472276,0.6758118105146432,0.5510815867219808,0.6278773813264739,0.5857639718759069,0.6317479014396667,0.06457483768463135,0.9381439685821533,0.09006690979003906,0.1813831329345703,0.292568564414978,0.0,0.0,0.008698105812072754,0.0660790205001831,0.0,11.73223102092743
37,46936,internet-firewall,4.0,0.8234329513752561,0.8258286767572027,0.8115006561955977,0.8426532502545794,0.8291211460549324,0.8817798036989059,0.6490703165905229,0.807840564196149,0.7723068173612411,0.642241418039141,0.7400160789489746,0.9983367666132601,0.9984283207446403,0.9719768062867171,0.998138399328603,0.9978789959563592,0.9979324025329976,0.8823910887312124,0.9938963912413215,0.9942854962996872,0.696452277409018,0.9896862149238587,0.9997962203700282,0.9997941183339625,0.9801924252963465,0.9995716467875948,0.9994932244255137,0.998813642795174,0.9907019619936438,0.9950968543341739,0.9980620957874313,0.9965705771231519,0.9627170383930206,0.7699568271636963,1.119667291641235,0.4502962827682495,2.294532656669617,3.352197647094727,0.05251634120941162,0.05251395702362061,0.1899287700653076,2.003335952758789,0.01570403575897217,179.2458121776581
38,381,ipums-la-98-small,7.0,0.4078750955946265,0.4103581048524007,0.4071167129290328,0.4097421368105262,0.4156911360819117,0.3810071355955408,0.4093591366440995,0.284344383262873,0.2876865787312981,0.3297289058951213,0.3594775170087814,0.7812959251837006,0.7930527722110888,0.7827655310621242,0.786439545758183,0.7880427521710087,0.7597194388777555,0.7645958583834336,0.6599866399465597,0.684502338009352,0.7312625250501001,0.7607596397399903,0.9697010767774265,0.9731394816512363,0.9701251786823208,0.9698742789701864,0.96927646547683,0.8682114130018928,0.9655690185753747,0.7544601890049007,0.8548151160490935,0.9592508358617844,0.9012891709804535,0.6887437105178833,1.082121253013611,0.4476512670516968,0.4933104515075684,0.885611891746521,0.03156948089599609,0.03163337707519531,0.01603031158447266,0.1734089851379395,0.0,27.435227394104
39,378,ipums-la-99-small,7.0,0.4453867554070567,0.4480695552780762,0.4434921903678159,0.4437186852804776,0.4264418164206386,0.4031158023678222,0.4158697202633924,0.2738930140196063,0.2935783677789626,0.382776996678507,0.3921962112188339,0.7895986433013001,0.8001130582249859,0.788920293951385,0.7940079140757491,0.7843979649519502,0.7659694742792538,0.770096099491238,0.64527981910684,0.6827586206896552,0.7635952515545507,0.7704367816448212,0.9721601491403499,0.9751872562871176,0.9722226583486435,0.9724151103270756,0.9711469272681071,0.8727054263051939,0.9632959935169298,0.737539271576124,0.8440280638684688,0.9649121608700971,0.9103568077087403,0.7004102468490601,1.109435200691223,0.4662152528762817,0.5523430109024048,1.122072815895081,0.03329706192016602,0.01581859588623047,0.02045190334320068,0.2043290138244629,0.0,41.44540822505951
40,46781,khan-2001,4.0,0.9699432511932512,0.9509611222111222,0.9781562881562882,0.9880952380952381,0.9945054945054945,0.8669315406815408,0.7267579642579644,0.9901785714285716,0.9901785714285716,0.9527375402375402,0.2045457527041435,0.9647058823529411,0.9470588235294117,0.9823529411764707,0.9882352941176471,0.9941176470588236,0.8647058823529411,0.7294117647058824,0.9882352941176471,0.9882352941176471,0.9529411764705882,0.3280000030994416,0.997497600438777,0.9975490196078433,0.9981900452488688,1.0,1.0,0.9051223776223777,0.8793870835047306,0.990909090909091,1.0,0.9807092417386535,0.4960801720619202,0.1272289752960205,1.560129165649414,0.06667375564575195,0.0956730842590332,0.1186459064483643,0.01578283309936523,0.0159919261932373,0.01298356056213379,0.0,0.0,0.9957656860351562
41,184,kropt,18.0,0.8622151935641167,0.5901767165178418,0.5747828918452935,0.8305535597851372,0.8003427641728879,0.8409691230699758,0.1887275853752086,0.4841142065768801,0.6962819384352984,0.164354639573855,0.5590844631195069,0.8416250890947967,0.6280470420527442,0.6662152530292232,0.8240021382751248,0.798984319315752,0.838952245188881,0.2727548111190307,0.5197968638631505,0.733535281539558,0.2327334283677834,0.6487849354743958,0.9866701549032791,0.9445221495929728,0.8628660060365618,0.9825862674297776,0.9767988720330525,0.9101391078656796,0.7257330298936482,0.7321571118466922,0.9539548297121263,0.7133931135046756,0.9716684401035309,1.508653521537781,1.208276033401489,0.9998965263366699,1.617276668548584,4.093006134033203,0.02917730808258057,0.01175785064697266,0.07889235019683838,0.5429978370666504,0.007837414741516113,81.64390981197357
42,40677,led24,10.0,0.6880046549993246,0.721568152441428,0.6971825951041621,0.7198470725311518,0.7181743069077078,0.5741567696101681,0.723337307761438,0.4762187116084393,0.5629820756258629,0.7147357214970171,0.6986090540885925,0.68859375,0.72328125,0.6978125,0.7212500000000001,0.719375,0.57171875,0.7246875,0.47203125,0.56859375,0.71640625,0.7009261190891266,0.9326718899285187,0.9484690025981818,0.9406411751355843,0.9456643137624029,0.9461379083117443,0.7620217234360813,0.9534249109263359,0.7065759531764633,0.8682757544487065,0.951322457670608,0.942895483970642,0.2741981744766235,0.9076031446456909,0.2892777919769287,0.2248084545135498,0.4931423664093018,0.0,0.001252651214599609,0.003593921661376953,0.08207714557647705,0.0,12.32958579063416
43,40496,led-7digit,10.0,0.6875037941836077,0.7002755686712572,0.6917302133007107,0.6838392086977241,0.6842453487005338,0.6794557298146422,0.7222586637596262,0.5751312092179198,0.6724648640645052,0.6236177769379013,0.6113726675510407,0.687,0.698,0.692,0.6849999999999999,0.6849999999999999,0.6799999999999999,0.7210000000000001,0.595,0.6769999999999999,0.632,0.6141623973846435,0.9335363817003166,0.9255122242654485,0.9358432263497237,0.9334815293958064,0.8983843709464558,0.8816019705752913,0.9499700728531091,0.7747866874210303,0.8993594503376989,0.921216812512245,0.905381578207016,0.1830148696899414,0.9686837196350098,0.09541177749633789,0.07884478569030762,0.1108980178833008,0.0,0.0,0.0,0.007876396179199219,0.0,1.766577124595642
44,45092,leukemia,3.0,0.8903703703703704,0.8515343915343916,0.9421661998132584,0.7361226186380986,0.8660792094615622,0.826567849361967,0.7704059986567726,0.856125116713352,0.8177793339558045,0.934640522875817,0.280226020514965,0.95,0.9142857142857144,0.9571428571428573,0.8714285714285713,0.9142857142857144,0.8785714285714287,0.8714285714285713,0.8785714285714287,0.8785714285714284,0.9642857142857142,0.5403628140687943,0.9873809523809525,0.9836904761904762,0.9988095238095237,0.9910714285714285,0.9964285714285713,0.9025000000000001,0.9875,0.8933333333333333,0.9821428571428571,0.9654761904761905,0.5100007146596909,1.221132516860962,6.133054733276367,0.3149816989898682,0.1114323139190674,0.1583268642425537,0.03181684017181396,0.0336226224899292,0.01488709449768066,0.0,0.0,0.9076204299926758
45,45093,lung,5.0,0.7351428933305182,0.857939457236329,0.8636726484045688,0.7054791225652062,0.7230040082256851,0.73442619006083,0.9292690058479532,0.8421250073184305,0.8723953171453864,0.7162644538588185,0.1807991206645966,0.8926829268292682,0.9317073170731707,0.9292682926829269,0.9097560975609756,0.9097560975609756,0.8560975609756097,0.9658536585365853,0.9121951219512197,0.9439024390243903,0.8902439024390245,0.6540202915668487,0.9861159423964303,0.9720546625424674,0.9855991075503271,0.9904770295623955,0.9892880685563613,0.8661954261954262,0.9966633284316211,0.896567047817048,0.9712056944374018,0.8872065311089701,0.5514396458864212,7.451718330383301,24.36804378032684,5.335920333862305,0.4760828018188477,0.3040659427642822,0.5180737972259521,0.17388916015625,0.04573798179626465,0.1091639995574951,0.03188419342041016,4.526496529579163
46,1084,lymphoma-burkitt,3.0,0.8253954501821023,0.7803044137523337,0.7966676072373378,0.7960541549627498,0.7631458549102094,0.73363712738986,0.8659844653038862,0.7814394572815981,0.7506750975716494,0.7665246448106539,0.3302605122327805,0.8795454545454545,0.8454545454545455,0.8613636363636366,0.8613636363636366,0.8454545454545455,0.775,0.9045454545454545,0.8431818181818181,0.8431818181818181,0.809090909090909,0.5844877362251282,0.9668362193362192,0.9689105339105339,0.9662806637806638,0.9719354256854256,0.9728697691197692,0.8167460317460318,0.9839105339105337,0.8474603174603175,0.9466305916305917,0.867812049062049,0.559103274345398,23.40568041801453,34.72436141967773,8.003644704818726,0.5973466634750366,0.5932363271713257,0.9263514280319214,0.4136176109313965,0.06558644771575928,0.2233269214630127,0.04546630382537842,5.434833168983459
47,46264,mabbob-ela-as-2d,5.0,0.3783383661247744,0.338820441821567,0.3651777014937009,0.3215523486030119,0.3099122677081133,0.3363932296455378,0.2737280697628399,0.2551521813700656,0.2621545192463136,0.1458493642072161,0.1838405132293701,0.6013392857142856,0.6178571428571428,0.6049107142857143,0.6124999999999999,0.6058035714285713,0.4803571428571428,0.5897321428571429,0.45625,0.5455357142857143,0.1665178571428571,0.5762850403785705,0.6879451304853703,0.6969823705676925,0.6854651657467628,0.6703034585271579,0.6665190959106629,0.5688086977655988,0.6458316539412023,0.5326831375628309,0.5646649396291615,0.5256599303428444,0.5993187904357911,0.6098452806472778,0.9859368801116943,0.3177720308303833,0.3625990152359009,0.3126580715179443,0.03364145755767822,0.007837414741516113,0.01580274105072021,0.0270073413848877,0.0,5.594011068344116
48,46879,mental-health-detection,4.0,0.41623957493763,0.4145629384471105,0.41359109329553,0.4142869324670396,0.4135305463563198,0.4152055524634658,0.2845929961728121,0.4219304076522142,0.4245085215692527,0.2976529149154988,0.3284671097993851,0.4342592592592592,0.4314814814814815,0.4324074074074074,0.4305555555555555,0.4287037037037037,0.4305555555555555,0.3287037037037037,0.4407407407407408,0.4416666666666666,0.3212962962962963,0.3704869359731674,0.7307869107369667,0.7230640617647891,0.71511224433807,0.730032386301008,0.7287156823302803,0.7297623717902442,0.6022127853327826,0.6205092707965847,0.7012475912527134,0.5885060424904875,0.6231738567352295,0.08968651294708252,0.7638871669769287,0.02748644351959229,0.07741594314575195,0.1261637210845947,0.001032710075378418,0.0,0.0,0.007346510887145996,0.0,1.838638067245483
49,275,meta-all,3.0,0.4995621406457319,0.5160806018313758,0.3979310724821561,0.4832163742690059,0.482833882090848,0.4816591314888529,0.3529158804158804,0.5088102199944305,0.3981063770537455,0.4492390066074276,0.3224941253662109,0.6692307692307693,0.6846153846153846,0.6307692307692309,0.7153846153846154,0.6923076923076923,0.6076923076923076,0.3692307692307692,0.6923076923076923,0.6615384615384615,0.5,0.5957393497228622,0.690034965034965,0.7,0.6141608391608391,0.7357517482517483,0.7627622377622377,0.6329545454545454,0.6,0.6272727272727273,0.6666958041958042,0.6509615384615385,0.5670036792755127,0.04127311706542969,0.8580981492996216,0.01122808456420898,0.07268309593200684,0.09523022174835205,0.0,0.02835893630981445,0.01030647754669189,0.0,0.0,0.8287941217422485
50,276,meta-batchincremental,3.0,0.4267108350586611,0.3565893719806763,0.4364492753623188,0.4146265135830353,0.3971787439613527,0.3877454175623512,0.2817777398040556,0.321617625530669,0.4230707408533496,0.2859028982713193,0.3141297519207001,0.76,0.7,0.74,0.7266666666666666,0.7333333333333332,0.6399999999999999,0.4266666666666666,0.5933333333333334,0.74,0.3866666666666667,0.6032467484474182,0.7426984126984127,0.7169047619047619,0.7267460317460317,0.7844047619047619,0.7841269841269842,0.6083333333333333,0.5326190476190475,0.4851190476190476,0.5978968253968254,0.7055952380952382,0.5145029604434967,0.0432586669921875,0.8808380365371704,0.01261436939239502,0.07899439334869385,0.09559297561645508,0.001870632171630859,0.0,0.01039958000183105,0.0,0.0,0.8329077959060669
51,278,meta-instanceincremental,3.0,0.7503409875149006,0.7860776421645987,0.7919407742016438,0.7530237491976622,0.7988952593300419,0.7272498744581125,0.4468292649329801,0.6833653303218521,0.7136627140974967,0.6509258213606041,0.318932044506073,0.86,0.8933333333333333,0.8866666666666667,0.8866666666666667,0.8999999999999998,0.8266666666666668,0.5133333333333334,0.8066666666666666,0.8466666666666667,0.74,0.6755411267280579,0.9129487179487178,0.9315384615384614,0.923205128205128,0.9182692307692308,0.9005128205128206,0.7961538461538462,0.6776923076923077,0.7759615384615385,0.8541025641025641,0.763525641025641,0.539282214641571,0.03652465343475342,0.9829285144805908,0.01412105560302734,0.07274651527404785,0.09510529041290283,0.001000523567199707,0.0454552173614502,0.008769512176513672,0.0,0.0,0.8372150659561157
52,14,mfeat-fourier,10.0,0.8243823709188233,0.8279128886308678,0.832021211784544,0.8174542570357893,0.8281051537039964,0.7377564419580229,0.8030318107762182,0.8240726102113743,0.8348292284630702,0.7563672591311803,0.7186466336250306,0.8242499999999999,0.8285,0.8322499999999999,0.8182500000000001,0.8297500000000001,0.73725,0.80275,0.82325,0.835,0.75575,0.72025066614151,0.9808375,0.9836104166666665,0.9804791666666667,0.9806045138888889,0.981170486111111,0.8540277777777778,0.9755597222222221,0.9018055555555555,0.9700680555555558,0.9647809027777777,0.9590007483959198,0.8556942939758301,1.362307786941528,0.8558435440063477,0.7615656852722168,0.4552943706512451,0.1017358303070068,0.01383662223815918,0.01932334899902344,0.06425058841705322,0.0,12.75138962268829
53,22,mfeat-zernike,10.0,0.7814874493228847,0.7702283968727268,0.785110216789533,0.7705042668701102,0.7854466783707901,0.6609606116243223,0.814207277640073,0.8030850132328744,0.8063740475535873,0.7378762941705717,0.7359447121620178,0.7802499999999999,0.7729999999999999,0.78125,0.7737499999999999,0.79025,0.659,0.8135,0.80375,0.80725,0.73925,0.7390418827533722,0.9661513888888889,0.9764118055555556,0.964067361111111,0.9684822916666669,0.904690625,0.8105555555555556,0.9796368055555555,0.8909722222222223,0.9656149305555555,0.9623670138888889,0.9640951693058014,0.6329681873321533,1.15087890625,0.6403102874755859,0.6172735691070557,0.4167253971099854,0.07188296318054199,0.007736682891845703,0.02259933948516846,0.04770791530609131,0.0,9.472722172737122
54,46944,mobile-price,4.0,0.9135070826068322,0.9381561616327552,0.9153126592309434,0.8782573971922897,0.8675170349800758,0.8309585613177563,0.9475460710063421,0.9067095899873813,0.9306341180828349,0.8009784944309194,0.8902960062026978,0.9135000000000002,0.93825,0.9152500000000001,0.8785000000000001,0.86825,0.8309999999999998,0.9472499999999998,0.90675,0.9307500000000001,0.8007500000000001,0.8908971071243286,0.9908408333333334,0.9947391666666666,0.9900783333333335,0.9796279166666666,0.97465875,0.8873333333333333,0.9956725000000001,0.9378333333333334,0.9921066666666667,0.9492058333333334,0.9864301919937134,0.1936037540435791,0.9813824892044067,0.1249774694442749,0.2215754985809326,0.3561738729476929,0.01567065715789795,0.02866601943969727,0.02695798873901367,0.03202688694000244,0.0,6.546497821807861
55,45067,okcupid-stem,3.0,0.5352951737338223,0.4944456391454363,0.523638027387668,0.5083025572608317,0.4971643050918469,0.4845008846096219,0.4644386357830649,0.4676128755384305,0.4780935653159846,0.5392993849619595,0.5324378490447998,0.7428035982008996,0.7464392803598201,0.7460269865067466,0.7351574212893552,0.7277173913043478,0.6308845577211395,0.7241754122938531,0.6288418290854574,0.6919977511244377,0.6612443778110945,0.738958728313446,0.7589895263080303,0.7673260471983867,0.7668731207489979,0.7359025303462342,0.7257414333483659,0.5885973978117198,0.7305001776261044,0.5719328531804786,0.6469773672992267,0.7160281082569737,0.7962260603904724,0.4516266584396362,1.268692135810852,0.1792285442352295,1.689945101737976,3.521581530570984,0.06342852115631104,0.02795791625976562,0.1106246709823608,0.6806938648223877,0.0,71.3836590051651
56,42793,olindda-outliers,4.0,0.7653675491175491,0.6897707847707848,0.7652806915306916,0.8176326451326451,0.7711019536019537,0.7569899544899544,0.7533211233211234,0.7016727716727718,0.6731013431013432,0.9319397269397269,0.4471674054861069,0.8066666666666666,0.7666666666666666,0.8,0.8733333333333334,0.8466666666666667,0.7933333333333332,0.8400000000000001,0.8133333333333332,0.8,0.9333333333333333,0.546790885925293,0.9546393421393422,0.954452861952862,0.8949598549598552,0.9774831649831649,0.986010101010101,0.8570221445221445,0.854057239057239,0.8627816627816628,0.8949928774928774,0.9949999999999999,0.7527662932872772,0.02425575256347656,0.9239964485168457,0.01391994953155518,0.06274080276489258,0.1200292110443115,0.00200200080871582,0.0,0.0,0.0009201765060424805,0.0,0.4496325254440308
57,1086,ovarian-tumour,3.0,0.5570281396937847,0.5419211447349541,0.5879726383308947,0.4958520824311801,0.5596154543470363,0.5202964336844078,0.7606685570096573,0.7243387861269946,0.626496138049179,0.7022687688608642,0.386598864197731,0.8929824561403507,0.8842105263157893,0.8999999999999998,0.8824561403508773,0.8982456140350876,0.8228070175438595,0.9210526315789475,0.8964912280701753,0.8982456140350876,0.9122807017543859,0.8464986085891724,0.9127068851373717,0.8925438596491228,0.9164349553128103,0.8990255710029791,0.9083974677259186,0.6606132075471699,0.9325140681893412,0.801061320754717,0.8633978814961933,0.7788253061900033,0.6378454566001892,62.54972112178802,75.91432785987854,31.52918839454651,1.582857489585876,1.417991876602173,3.953931570053101,1.332172393798828,0.1110876798629761,0.8653273582458496,0.1421729326248169,8.90631115436554
58,30,page-blocks,5.0,0.8478140899057902,0.8535081718350666,0.8354980088525854,0.8500738328296986,0.8406920023462134,0.8053076624772795,0.6680636415346898,0.7621418441602745,0.7630025003957446,0.5582054173340122,0.7525648951530457,0.9701369863013699,0.9725114155251141,0.9694063926940639,0.9721461187214613,0.969771689497717,0.959269406392694,0.9437442922374428,0.9548858447488584,0.9575342465753425,0.8790867579908677,0.9588115632534027,0.9918835337280706,0.9928445034139008,0.9915489659969106,0.9894221489278883,0.9822680818570069,0.9063308823534886,0.9480395996053339,0.8732142426376559,0.94321635486126,0.9220815707631669,0.9800033569335938,0.2561063766479492,1.142492175102234,0.1841064691543579,0.5747570991516113,0.3811318874359131,0.03060615062713623,0.0,0.008005619049072266,0.09399282932281494,0.0,14.94796717166901
59,339,pasture,3.0,0.768015873015873,0.6944444444444444,0.1333333333333333,0.7742857142857142,0.7596825396825396,0.6612698412698412,0.5379365079365079,0.5697619047619048,0.7007142857142857,0.7241269841269842,0.4724083513021469,0.775,0.7,0.25,0.775,0.775,0.675,0.55,0.6,0.725,0.75,0.4805194765329361,0.905,0.8783333333333333,0.5,0.9172916666666666,0.8977083333333333,0.7566666666666666,0.7324999999999999,0.6950000000000001,0.8245833333333333,0.8645833333333333,0.6900699377059937,0.01666295528411865,1.065783023834229,0.003506779670715332,0.06346297264099121,0.09472489356994629,0.0,0.0,0.006029963493347168,0.0,0.0,0.5670974254608154
60,457,prnn-cushings,3.0,0.6102380952380952,0.4965873015873016,0.25,0.6637301587301587,0.5934920634920634,0.5887301587301587,0.5996031746031745,0.7203174603174604,0.6596031746031745,0.5751587301587301,0.4584729015827179,0.74,0.6799999999999999,0.5999999999999999,0.78,0.74,0.74,0.76,0.8400000000000001,0.76,0.72,0.5851190447807312,0.8525,0.8775000000000001,0.5,0.9375,0.97,0.725,0.8950000000000001,0.825,0.9199999999999999,0.8300000000000001,0.7512456059455872,0.0280994176864624,0.9949022531509399,0.003303170204162598,0.06505417823791504,0.09889304637908936,0.0,0.0,0.0,0.0,0.0,0.4555590152740479
61,395,re1-wc,25.0,0.7936402837790427,0.7001605551364466,0.7206027375274802,0.6427637646743651,0.6762610096755943,0.6899895900614257,0.2136614165525727,0.5859673644642351,0.4970182508432039,0.4724933596101207,0.2027073577046394,0.875,0.8349397590361447,0.8551204819277107,0.821987951807229,0.8310240963855422,0.7978915662650603,0.2454819277108434,0.7177710843373493,0.683433734939759,0.675301204819277,0.4481661438941956,0.9866536092827476,0.9833834928358638,0.9820652946513629,0.9848075182401793,0.9811889962639775,0.888127886451121,0.6391292974026428,0.8366885376897665,0.8953786828332602,0.8036499305908521,0.7427323937416077,9.51911997795105,5.24887752532959,1.299229502677917,0.7295500040054321,3.343564987182617,0.2060861587524414,1.227092981338501,0.04593801498413086,1.814372777938843,0.196118950843811,35.26517868041992
62,679,rmftsa-sleepdata,4.0,0.4037582663719529,0.3689945262606725,0.4032729809412797,0.4081654583553626,0.4081727621932179,0.3925565980511439,0.2600820383095672,0.3580004293954938,0.3596547054504112,0.2626072286267837,0.2933076590299606,0.4834146341463414,0.5229268292682926,0.4882926829268293,0.4780487804878049,0.4809756097560977,0.4692682926829269,0.4526829268292684,0.415609756097561,0.4336585365853659,0.4521951219512196,0.4787372708320617,0.7072033012529773,0.7501141154108268,0.7149933682801966,0.6865169873584386,0.6498399522144904,0.6365484235802099,0.6008061956868517,0.5864590017305412,0.6400810418382015,0.6281817781938537,0.6341737985610962,0.05807852745056152,1.013982892036438,0.08579647541046143,0.09877324104309082,0.1486918926239014,0.0,0.0,0.0,0.01651263236999512,0.0,2.401745676994324
63,1516,robot-failures-lp1,4.0,0.7260269591519591,0.787673788629671,0.7593337218337218,0.8252170745920745,0.8580650599400599,0.776589590964591,0.4060185647685648,0.835941280941281,0.787642218892219,0.9263553113553114,0.2063613966107369,0.7611111111111111,0.8055555555555556,0.7777777777777778,0.8333333333333333,0.8666666666666666,0.7888888888888889,0.4444444444444445,0.85,0.8166666666666667,0.9333333333333333,0.3657848328351975,0.9428932178932179,0.9559860509860509,0.9481385281385283,0.9707227032227033,0.982053872053872,0.8627489177489178,0.6564141414141413,0.9017965367965368,0.9443253968253968,0.9758778258778259,0.616014963388443,0.05993008613586426,0.9533199071884155,0.02563810348510742,0.07084298133850098,0.09772622585296631,0.0,0.01183187961578369,0.01182651519775391,0.009736418724060059,0.0,1.071451187133789
64,1517,robot-failures-lp2,5.0,0.5732121212121213,0.5482020202020202,0.1142857142857143,0.4347474747474747,0.4764242424242425,0.3578787878787879,0.3206551226551226,0.4966464646464647,0.3742672882672883,0.5688253968253969,0.1831144690513611,0.68,0.6799999999999999,0.4,0.62,0.6599999999999999,0.5399999999999999,0.4400000000000001,0.67,0.56,0.73,0.364126992225647,0.8733333333333334,0.8893055555555556,0.5,0.8958333333333334,0.9214583333333335,0.6861111111111112,0.6315277777777778,0.7534722222222222,0.7854166666666667,0.8643750000000001,0.562091612815857,0.05362415313720703,0.9832555055618286,0.002007842063903809,0.06354093551635742,0.09539508819580078,0.0,0.0,0.0133364200592041,0.0,0.0,1.060146331787109
65,1077,rsctc2010-1,3.0,0.6528208124934027,0.5276141636141636,0.6175433060492297,0.3544712509095156,0.3277191656163935,0.3984722054309257,0.4321992334663058,0.6067986713327719,0.3911538124757939,0.4085865184804477,0.2878996104001999,0.5761904761904761,0.5476190476190477,0.6190476190476192,0.5857142857142856,0.5476190476190477,0.4904761904761905,0.5333333333333334,0.6333333333333334,0.5523809523809524,0.5619047619047619,0.5235118985176086,0.6027676027676028,0.5641086691086692,0.6411131461131461,0.6143101343101343,0.6261752136752137,0.5338034188034189,0.5743772893772894,0.6354700854700855,0.6425986975986976,0.573056573056573,0.5097877144813537,10.1728104352951,22.30449485778809,2.576716423034668,0.2832905054092407,0.3166676759719849,0.3774075508117676,0.2089965343475342,0.03083086013793945,0.04736268520355225,0.02731955051422119,1.756472945213318
66,1078,rsctc2010-2,3.0,0.6528208124934027,0.5276141636141636,0.6175433060492297,0.4025329140846382,0.3277191656163935,0.3984722054309257,0.4321992334663058,0.6067986713327719,0.3911538124757939,0.4085865184804477,0.2730818420648575,0.5761904761904761,0.5476190476190477,0.6190476190476192,0.6142857142857144,0.5476190476190477,0.4904761904761905,0.5333333333333334,0.6333333333333334,0.5523809523809524,0.5619047619047619,0.5366071403026581,0.6027676027676028,0.5641086691086692,0.6411131461131461,0.6270421245421245,0.6261752136752137,0.5338034188034189,0.5743772893772894,0.6354700854700855,0.6425986975986976,0.573056573056573,0.5291638195514679,10.25290942192078,20.99554872512817,2.567992091178894,0.2850083112716675,0.3169989585876465,0.3928035497665405,0.2365204095840454,0.04033088684082031,0.05176663398742676,0.02825713157653809,1.710264086723328
67,1079,rsctc2010-3,5.0,0.7972706182706182,0.7131100011100011,0.7721992451992452,0.7375959595959597,0.7344776334776335,0.6417979797979798,0.5952797855739032,0.7413088023088024,0.8483939393939395,0.5897417582417582,0.1282378286123276,0.8473684210526315,0.8157894736842106,0.8473684210526315,0.8894736842105264,0.8842105263157893,0.7210526315789474,0.7157894736842105,0.8157894736842104,0.8578947368421052,0.7263157894736841,0.245155993103981,0.9591979949874687,0.9502088554720134,0.9744695071010862,0.9767335004177109,0.9805973266499584,0.8137301587301587,0.9372681704260651,0.8794444444444445,0.9618462823725981,0.8819548872180452,0.5078866809606553,9.19318401813507,29.74945998191833,3.580270051956177,0.2637540102005005,0.3165390491485596,0.3555762767791748,0.2182273864746094,0.01937425136566162,0.03169500827789307,0.02817142009735107,1.773760437965393
68,1080,rsctc2010-4,5.0,0.3354406883231568,0.3191422676672399,0.3123904761904762,0.2789749820792646,0.2867863238705842,0.2645928404928405,0.3386902359454084,0.3315114643810296,0.3798143827187305,0.2586669045914974,0.1466030120849609,0.4869565217391305,0.5478260869565218,0.5130434782608695,0.5,0.5217391304347826,0.3826086956521739,0.5217391304347826,0.3956521739130435,0.5173913043478261,0.4217391304347826,0.4323529452085495,0.6534374619412984,0.6663378394836196,0.6803434417245159,0.6441907197661674,0.6428723663378395,0.5586834733893558,0.7014523200584581,0.5719887955182072,0.6806296431616123,0.5606747046644746,0.4992519915103912,34.50719141960144,85.87495994567871,13.32423675060272,0.5456544160842896,0.7593588829040527,1.264652609825134,0.5596228837966919,0.04967117309570312,0.1562522649765015,0.07116258144378662,1.838063359260559
69,1082,rsctc2010-6,5.0,0.4339357717966413,0.3954977614977615,0.501261871140132,0.4206547092753989,0.4062629222629223,0.3286434908087082,0.52287408823061,0.477778841041999,0.4736757242757244,0.436406124044205,0.1514027059078216,0.6894736842105262,0.6736842105263159,0.7473684210526316,0.7105263157894737,0.6947368421052631,0.5157894736842105,0.7473684210526316,0.605263157894737,0.7,0.7210526315789474,0.5170068114995956,0.757703388372893,0.7682727038183694,0.8038656690746473,0.8146370829033369,0.8387717148262814,0.6179738562091504,0.8407271241830065,0.6813316993464053,0.7990712074303405,0.7087848297213621,0.5001299679279327,24.25199472904205,70.41174960136414,12.50813949108124,0.443429708480835,0.649131178855896,1.064810037612915,0.413555383682251,0.05044770240783691,0.08960866928100586,0.07093477249145508,1.141992688179016
70,46955,sdss17,3.0,0.9712773903921507,0.9681424553561617,0.9739689280735802,0.9737591719129846,0.96778666763003,0.957273532725899,0.8083689366238938,0.541224107637995,0.5636317152330286,0.58618239159385,0.9522757232189178,0.9759848824546795,0.9733200948049452,0.9784574979181346,0.9783229773877394,0.9729165332137596,0.9641726987380691,0.8425020818653512,0.6333162513612198,0.6745499967971302,0.7283774261738518,0.9597135603427887,0.9946205149869799,0.9941725174133932,0.9947945520065412,0.9938093781859341,0.9928967311285263,0.9668082331614608,0.9177269068747661,0.6661381436637078,0.7421202631320798,0.8345860958677415,0.9854797840118408,0.8469561338424683,1.192085862159729,0.3667284250259399,14.56375932693481,7.255429983139038,0.8238331079483032,0.05125153064727783,0.3004430532455444,1.828525900840759,0.01413929462432861,197.8063976764679
71,36,segment,7.0,0.9846288467960248,0.9759589333755996,0.9848427598195899,0.97916499006183,0.9809507934614519,0.9644073668768944,0.9151017207362377,0.964105725512623,0.9565477415061696,0.7764804998349657,0.9100901842117309,0.9846320346320345,0.9759740259740258,0.9848484848484848,0.9792207792207794,0.9809523809523808,0.9645021645021643,0.9160173160173161,0.964069264069264,0.9567099567099568,0.7965367965367965,0.9106376945972443,0.999475272202545,0.9990412785867331,0.9995173597446325,0.9993181271590361,0.9993481896890989,0.9792929292929292,0.9891687437141983,0.9790404040404039,0.9945302593029866,0.9682323778914688,0.9912690818309784,0.2081023454666138,0.9185947179794312,0.2364633083343506,0.238236665725708,0.2371174097061157,0.01145458221435547,0.003202199935913086,0.00954139232635498,0.04708707332611084,0.0,7.188455581665039
72,40685,shuttle,7.0,0.9676247225725693,0.9665675757159237,0.3536363954092409,0.9410494514950823,0.9665073516921667,0.9667522769308281,0.5754973375413518,0.9014722245162299,0.9082475631690408,0.457748323831568,0.8276098310947418,0.9998362068965516,0.999801724137931,0.9144051724137932,0.9998275862068964,0.9996637931034483,0.9997844827586206,0.9443706896551725,0.9982499999999999,0.9982672413793103,0.8107672413793103,0.9971289217472077,0.9999999244290236,0.9999998409608957,0.8937385197549622,0.9999999752076925,0.9999996657437112,0.9997417081646681,0.9901442362308682,0.9976794422510091,0.9995294017095974,0.9583175671680223,0.9985242187976837,0.6266365051269531,1.289914965629578,0.4893518686294556,1.611907720565796,2.468664050102234,0.05520641803741455,0.03165912628173828,0.2707570791244507,1.384966135025024,0.01684057712554932,139.6389623880386
73,42,soybean,19.0,0.2167492716278507,0.2319133698259967,0.2301780741186382,0.2281607761375918,0.2262965943967182,0.2254661090925486,0.1677152955768734,0.2228196827966025,0.2189051504929032,0.1898573080585885,0.1629329144954682,0.4043795620437957,0.4043795620437957,0.4014598540145985,0.4014598540145985,0.4051094890510948,0.4051094890510948,0.3890510948905109,0.3058394160583942,0.3737226277372263,0.3948905109489051,0.3467123955488205,0.7837702045256578,0.7916739357095324,0.7850888126725346,0.7712199930991275,0.766296137752367,0.7657853369501755,0.7701516998350717,0.6230510128764564,0.7202126104111906,0.8082041863289111,0.7273602068424225,0.3213623762130737,1.104820251464844,0.2054340839385986,0.07989895343780518,0.1108613014221191,0.0,0.0,0.0,0.005485057830810547,0.0,2.436689615249634
74,313,spectrometer,22.0,0.4581428583089703,0.4527443072827867,0.4770598480578962,0.5191162219864542,0.5154435453016413,0.4029576247622387,0.4195912325134262,0.5500235374934649,0.537314289950733,0.4191171952664078,0.1640829190611839,0.5291666666666666,0.565625,0.5458333333333333,0.6052083333333333,0.6,0.484375,0.515625,0.6010416666666667,0.6229166666666667,0.4645833333333334,0.2837765961885452,0.9175076016282275,0.9580476888393987,0.913707606022817,0.9538020782476991,0.9563041447254047,0.7269438184872945,0.9436171417005017,0.7881263252148216,0.925253275433368,0.912740933788703,0.791941910982132,1.144721150398254,1.791014194488525,0.633510947227478,0.272252082824707,0.2363470792770386,0.03046083450317383,0.0836251974105835,0.01388263702392578,0.009403467178344727,0.0,4.991427659988403
75,46960,students-academic-success,3.0,0.6887336529626089,0.6926757691181251,0.6927098460573651,0.6828139646044714,0.6860280171509454,0.6128352422543524,0.6772473109312128,0.5103118550707414,0.5292111313965246,0.6305439853804546,0.6760388612747192,0.7621468926553672,0.7688135593220339,0.7665536723163843,0.7658757062146894,0.7682485875706215,0.6777401129943502,0.7546892655367231,0.5836158192090395,0.6348022598870056,0.6994350282485876,0.7544626832008362,0.8992760294908075,0.9063297702976364,0.9019336170883117,0.8992161742858913,0.9017301960381043,0.7501597196637066,0.8906987984759892,0.6608584980813887,0.748593714726837,0.8225530562048153,0.8667954623699188,0.4333847761154175,1.119646906852722,0.148228645324707,0.3954343795776367,0.712567925453186,0.03146684169769287,0.01596271991729736,0.009257197380065918,0.1635738611221313,0.0,17.85703456401825
76,40474,thyroid-allbp,5.0,0.4580130780695163,0.4798088570714983,0.4498225083188282,0.4748920304014453,0.4703139588322549,0.415177002753773,0.5020083433546562,0.2908990594894696,0.3075526055335887,0.2341131363370766,0.4328526854515076,0.6855357142857142,0.7078571428571429,0.6775,0.6987500000000001,0.6889285714285713,0.6051785714285713,0.6858928571428572,0.4914285714285714,0.5560714285714285,0.2021428571428571,0.6817048549652099,0.8153507746768971,0.8363850159809658,0.8111583376219637,0.8220393725991432,0.8209368433861496,0.661186774747651,0.8141512287086424,0.5550460671229549,0.6299955983420488,0.7452512103458726,0.8096338629722595,0.1715624332427979,0.9803785085678101,0.1846179962158203,0.2382078170776367,0.3956568241119385,0.004041671752929688,0.0,0.006035447120666504,0.06548988819122314,0.0,9.626474499702454
77,40475,thyroid-allhyper,5.0,0.4580130780695163,0.4798088570714983,0.4498225083188282,0.4775701653367198,0.4703139588322549,0.415177002753773,0.5020083433546562,0.2908990594894696,0.3075526055335887,0.2341131363370766,0.4240961074829102,0.6855357142857142,0.7078571428571429,0.6775,0.7035714285714285,0.6889285714285713,0.6051785714285713,0.6858928571428572,0.4914285714285714,0.5560714285714285,0.2021428571428571,0.6786980211734772,0.8153507746768971,0.8363850159809658,0.8111583376219637,0.8235501945174452,0.8209368433861496,0.661186774747651,0.8141512287086424,0.5550460671229549,0.6299955983420488,0.7452512103458726,0.8011387288570404,0.3242419958114624,0.981310248374939,0.1832334995269775,0.2537856101989746,0.4623349905014038,0.009613752365112305,0.09076488018035889,0.01137638092041016,0.06659197807312012,0.0,9.694714903831482
78,40476,thyroid-allhypo,5.0,0.4580130780695163,0.4798088570714983,0.4498225083188282,0.4763328921215481,0.4703139588322549,0.415177002753773,0.5020083433546562,0.2908990594894696,0.3075526055335887,0.2341131363370766,0.4295893669128418,0.6855357142857142,0.7078571428571429,0.6775,0.7014285714285714,0.6889285714285713,0.6051785714285713,0.6858928571428572,0.4914285714285714,0.5560714285714285,0.2021428571428571,0.6802103102207184,0.8153507746768971,0.8363850159809658,0.8111583376219637,0.8218194154133591,0.8209368433861496,0.661186774747651,0.8141512287086424,0.5550460671229549,0.6299955983420488,0.7452512103458726,0.7931134879589081,0.2884126901626587,1.005241870880127,0.1969362497329712,0.253247857093811,0.4434683322906494,0.009743690490722656,0.03067684173583984,0.007661819458007812,0.06806671619415283,0.0,9.531024694442749
79,40477,thyroid-allrep,5.0,0.4580130780695163,0.4798088570714983,0.4498225083188282,0.4749503083946426,0.4703139588322549,0.415177002753773,0.5020083433546562,0.2908990594894696,0.3075526055335887,0.2341131363370766,0.4292329311370849,0.6855357142857142,0.7078571428571429,0.6775,0.7007142857142858,0.6889285714285713,0.6051785714285713,0.6858928571428572,0.4914285714285714,0.5560714285714285,0.2021428571428571,0.6821065723896027,0.8153507746768971,0.8363850159809658,0.8111583376219637,0.822335424384535,0.8209368433861496,0.661186774747651,0.8141512287086424,0.5550460671229549,0.6299955983420488,0.7452512103458726,0.8102513015270233,0.2876752614974976,0.9917347431182861,0.1905313730239868,0.2428735494613647,0.4597036838531494,0.009613275527954102,0.04932332038879395,0.006378173828125,0.06535005569458008,0.0,9.304773569107056
80,40478,thyroid-dis,5.0,0.4580130780695163,0.4798088570714983,0.4498225083188282,0.4767757659076418,0.4703139588322549,0.415177002753773,0.5020083433546562,0.2908990594894696,0.3075526055335887,0.2341131363370766,0.4295829087495804,0.6855357142857142,0.7078571428571429,0.6775,0.6985714285714285,0.6889285714285713,0.6051785714285713,0.6858928571428572,0.4914285714285714,0.5560714285714285,0.2021428571428571,0.6807124376296997,0.8153507746768971,0.8363850159809658,0.8111583376219637,0.8214229684678317,0.8209368433861496,0.661186774747651,0.8141512287086424,0.5550460671229549,0.6299955983420488,0.7452512103458726,0.8081317067146301,0.291934609413147,1.050449013710022,0.1832641363143921,0.2539753913879395,0.442935585975647,0.009746670722961426,0.02920210361480713,0.006722211837768555,0.06927001476287842,0.0,9.091798782348633
81,45084,tumors-11,11.0,0.8118404827495735,0.8221503748776475,0.8652425856971311,0.7974598129143583,0.8248291102836557,0.560639764276128,0.8118803418803419,0.8107245279972553,0.7987383323746962,0.8306738715829625,0.0851073183119297,0.8628571428571428,0.8828571428571429,0.9057142857142857,0.877142857142857,0.8857142857142856,0.6657142857142857,0.8628571428571428,0.8514285714285714,0.8542857142857143,0.8828571428571428,0.1670260563492775,0.9854152704969137,0.9916666293476638,0.9917771836007129,0.9882209778895884,0.9893735198624904,0.8181762093552154,0.9873073867478025,0.915692920585162,0.9644283941633078,0.9373198178174093,0.5601400911808014,11.0117199420929,38.21955633163452,7.113617658615112,0.4914436340332031,0.3669464588165283,0.6449122428894043,0.1751315593719482,0.03113341331481934,0.08563947677612305,0.03168880939483643,2.724416017532349
82,685,visualizing-livestock,5.0,0.3527149517149517,0.4087999777999778,0.3501340326340326,0.3426660006660007,0.2072620712620713,0.3711684981684981,0.2404118837818529,0.337937728937729,0.3723177933177933,0.3918921926027189,0.1831113412976265,0.35,0.4153846153846154,0.3615384615384615,0.3461538461538461,0.2038461538461539,0.3769230769230769,0.2461538461538462,0.35,0.3846153846153846,0.4384615384615385,0.1860805913805962,0.6351648351648351,0.6892078754578754,0.670054945054945,0.5864056776556776,0.5744688644688644,0.6098809523809524,0.5572069597069598,0.5936904761904762,0.6695283882783882,0.707051282051282,0.474792018532753,0.06245875358581543,0.8375968933105469,0.01696479320526123,0.06340157985687256,0.09516477584838867,0.0,0.0,0.0,0.0,0.0,0.6243244409561157
83,1528,volcanoes-a2,5.0,0.3520440866779163,0.3606972130340617,0.3556581422839615,0.3672670639936434,0.3400961426114976,0.3092116129797898,0.3028066923418583,0.2371697884149307,0.2469429860451652,0.325975550903968,0.2712380051612854,0.9076923076923077,0.9135384615384614,0.908,0.9129230769230767,0.9101538461538461,0.8753846153846154,0.9052307692307693,0.8212307692307693,0.8864615384615385,0.9061538461538461,0.9031617224216462,0.9345795922474398,0.9401594186504724,0.9275942974450894,0.9174613226985745,0.9312487804336204,0.7280530809427526,0.9460551174487486,0.5169204023469524,0.5739471733168225,0.9483251500515874,0.9010813415050507,0.1245995759963989,0.9034513235092163,0.1332466602325439,0.1286755800247192,0.1744678020477295,0.003889918327331543,0.0,0.0,0.03136062622070312,0.0,3.737524151802063
84,1529,volcanoes-a3,5.0,0.3031579259927752,0.2921728484415455,0.3051217786668751,0.3083568066055857,0.3219308887039163,0.3370407832702797,0.2699921752392883,0.2418633259071598,0.2137255483546396,0.3059985017689382,0.2627430707216263,0.8940983606557376,0.8980327868852458,0.8980327868852458,0.8996721311475409,0.9039344262295081,0.8688524590163935,0.8931147540983606,0.8062295081967215,0.8783606557377048,0.8957377049180326,0.893439793586731,0.9195425524345664,0.9324546990252831,0.9213382471463538,0.9148779549818471,0.9152759263948844,0.7347593453625838,0.9350785923388351,0.5263445411748263,0.5582478071069579,0.9389710680774457,0.8889574229717254,0.1213959455490112,0.9041824340820312,0.1334407329559326,0.1261975765228271,0.1740221977233887,0.0,0.0,0.0,0.02363872528076172,0.0,3.5776447057724
85,1531,volcanoes-b1,5.0,0.3033112132779742,0.2720148812361707,0.3071076473291414,0.2883416406238199,0.2803711807193175,0.2754020971915183,0.2863011845930801,0.2223457824806661,0.2175541061423184,0.2829107380096606,0.2750280350446701,0.962524557956778,0.9650785854616896,0.9634577603143418,0.9648330058939096,0.9649803536345776,0.9422888015717092,0.9609037328094303,0.9280943025540276,0.9568271119842828,0.9618860510805503,0.9649441003799438,0.8537224034539437,0.8808113526386148,0.8580195377952501,0.8241363619124404,0.8363024357220483,0.6653961807258146,0.8889467938657936,0.5120497442216335,0.5197557819484661,0.8893522394019685,0.8644573211669921,0.2551257610321045,0.9589025974273682,0.2065962553024292,0.5690219402313232,0.536857008934021,0.02259969711303711,0.0,0.0,0.1585025787353516,0.0,23.27985489368439
86,1533,volcanoes-b3,5.0,0.3173811351854905,0.2702139343994673,0.2877068342729932,0.2852692911351603,0.2606516993643178,0.2700094176645558,0.2967033816292533,0.212932537222467,0.2084506870059789,0.274690838877401,0.2677013367414475,0.9642444658325312,0.9660250240615976,0.9649663137632338,0.9656881616939363,0.965014436958614,0.9407122232916265,0.9606833493743985,0.9309432146294514,0.9573628488931666,0.961693936477382,0.9647979140281677,0.8365397226880594,0.8613336015138954,0.8418603635148237,0.8093484276577005,0.8257890089213487,0.6671362746930468,0.8695662283770937,0.5158275948438357,0.527897192172855,0.8696889683682067,0.8599267899990082,0.2634793519973755,0.9606775045394897,0.1907247304916382,0.5934716463088989,0.5552430152893066,0.01577496528625488,0.001870155334472656,0.0,0.1609724760055542,0.0,24.01345312595367
87,1534,volcanoes-b4,5.0,0.2989731393661376,0.2726389391505519,0.2884708995236094,0.2801183968504687,0.2689364990967335,0.285691342866864,0.2798986134135727,0.216669634599943,0.2202595040644347,0.281437758749238,0.2739102751016617,0.9631010794896959,0.965063788027478,0.9625613346418058,0.9644259077526988,0.9644259077526988,0.943523061825319,0.9592247301275758,0.9285574092247302,0.9574582924435721,0.9615309126594701,0.9641248285770416,0.8487815760034584,0.8724381597567653,0.8561080452000205,0.8342926056247743,0.8416964168939968,0.6841114168949144,0.8843701255877677,0.5197636137414927,0.5298787537838013,0.8826751519783176,0.8578902602195739,0.263941764831543,0.9559048414230347,0.2003375291824341,0.5695536136627197,0.5424329042434692,0.01580262184143066,0.0,0.008870363235473633,0.160933256149292,0.0,21.66344654560089
88,1536,volcanoes-b6,5.0,0.295463447579707,0.2693262594206684,0.2874402696329176,0.2897231345712598,0.275370988346873,0.2938242990647026,0.2939110252478431,0.2229733618440496,0.2176782474267908,0.2805810274114739,0.2742149353027344,0.9627838104639682,0.9652023692003947,0.9623395853899307,0.9645607107601183,0.9639190523198419,0.9417077986179663,0.9606614017769001,0.9307502467917079,0.9570582428430404,0.9614017769002959,0.9651589334011078,0.8597857902633035,0.8856302188445511,0.8585040514733988,0.8283681669576787,0.8440338652534459,0.6726463810078955,0.8867597593634523,0.5166041749110694,0.5145024200292523,0.8907305589084871,0.8683312714099884,0.2611120939254761,0.9418245553970337,0.1992146968841553,0.5726027488708496,0.5242443084716797,0.01871883869171143,0.002001762390136719,0.0,0.161761999130249,0.0,23.32754325866699
89,1538,volcanoes-d1,5.0,0.2404361641976834,0.213122659887173,0.2323007780429406,0.2371028693527684,0.2259207085770764,0.2544995508107221,0.2449716586138852,0.2022419963353686,0.2001619951177196,0.2388264803224626,0.1953944712877274,0.9396344945745287,0.9441462021701884,0.9392918332381497,0.942661336379212,0.9423186750428325,0.8997715591090806,0.9363221016561963,0.8905197030268418,0.9350656767561395,0.9350656767561393,0.9423112094402313,0.761828716962069,0.8061968035375495,0.7702038468987816,0.7633509801135097,0.7673938257052294,0.5788271697513431,0.8152166180396081,0.4880122296646973,0.4947528794669361,0.8145943492442473,0.7873160541057587,0.2520161867141724,0.9240546226501465,0.1777281761169434,0.5645657777786255,0.5864441394805908,0.01576030254364014,0.0,0.00100100040435791,0.1456013917922974,0.0,20.24787831306458
90,1539,volcanoes-d2,5.0,0.2290020935526308,0.206987521175142,0.2263687482496169,0.2367393226037025,0.2325124621747512,0.2489972557920246,0.2372442531288019,0.2034547976486439,0.1993677961627321,0.2392010451112669,0.1949589669704437,0.9408719346049045,0.9446866485013624,0.9409264305177112,0.943542234332425,0.943433242506812,0.9037602179836514,0.9384741144414169,0.8958583106267032,0.937493188010899,0.9375476839237056,0.9432170867919922,0.7908699236053395,0.8140359966889775,0.7973098118213771,0.7815254424075251,0.7852907692066722,0.5925785856448326,0.8222783263680349,0.502128153170322,0.5035929569037261,0.8196884808382465,0.7926315486431121,0.261478066444397,0.9573945999145508,0.1932474374771118,0.5844022035598755,0.5861871242523193,0.0317760705947876,0.0,0.0,0.1493818759918213,0.0,21.11003947257996
91,1540,volcanoes-d3,5.0,0.2403623164748739,0.2010070571506471,0.248171909088068,0.2428289263004276,0.2283071511587068,0.2506610820817095,0.2520546601590296,0.2004647533706266,0.2045941211192683,0.2554298139782761,0.1958009928464889,0.9401184706515886,0.943834141087776,0.9414108777598276,0.9437802907915993,0.9430263866451266,0.9045234248788369,0.9383414108777599,0.8901453957996768,0.9345718901453957,0.9374798061389338,0.9427231132984162,0.795671646625836,0.8248185554242248,0.7956835649401385,0.7905589943703656,0.7906649025177723,0.5909260690463249,0.8338767460607143,0.4988747756916574,0.5016963019885085,0.8323045304520786,0.8025684654712677,0.261809229850769,0.9604102373123169,0.1994214057922363,0.573818564414978,0.6006909608840942,0.01593077182769775,0.0,0.01573455333709717,0.1486610174179077,0.0,21.57379019260406
92,1541,volcanoes-d4,5.0,0.2548537395984412,0.2137164467051222,0.2512395006631707,0.2490329419853117,0.2311615295507974,0.2567435979737833,0.2513628559108252,0.1980299836986277,0.19553830789798,0.2386433029144008,0.1953999042510986,0.9384170999422301,0.9430387059503179,0.9387059503177355,0.9427498555748123,0.9415944540727903,0.8994222992489892,0.9367995378393992,0.8913922588099364,0.9335644136337379,0.934373194685153,0.941040551662445,0.7690046251610224,0.8095323576525184,0.7773660745133164,0.7623095432271398,0.7653659811344347,0.5766218630163904,0.8159882962264617,0.4874440671641904,0.4918579331934321,0.8152166303671787,0.7923565149307251,0.2555171251296997,0.9374402761459351,0.1838532686233521,0.5378679037094116,0.5567041635513306,0.01580154895782471,0.0,0.0,0.1395522356033325,0.0,19.78375160694122
93,1542,volcanoes-e1,5.0,0.287473670919137,0.2483675074105884,0.2806729226433039,0.2758779530574845,0.2674661218233526,0.2921676394430495,0.2324788351468983,0.2051677128479093,0.2060138602265707,0.2345734098859164,0.194908957183361,0.9042194092827003,0.9122362869198313,0.9071729957805907,0.9101265822784811,0.9151898734177216,0.8717299578059071,0.9037974683544304,0.8443037974683545,0.9,0.9046413502109705,0.9049668073654175,0.779248712374469,0.840230208056755,0.7789591748201833,0.7950001760324169,0.810419716250918,0.6463269844002739,0.843956767346465,0.5205049294474345,0.5504682221353393,0.848420277061242,0.80040123462677,0.107877254486084,0.9241656064987183,0.1317301988601685,0.1106637716293335,0.1431928873062134,0.0,0.0,0.0,0.01956641674041748,0.0,2.764618515968323
94,1544,volcanoes-e3,5.0,0.2882247602931807,0.2911123173297182,0.3024936587847844,0.290210735770483,0.2749544868434469,0.3095412889782642,0.2470094680408981,0.2010961579293401,0.2178066235262545,0.2336802012243261,0.1984759718179703,0.90546875,0.916796875,0.905859375,0.915234375,0.915234375,0.874609375,0.9046875,0.83671875,0.902734375,0.9046875,0.9043416976928711,0.8078690551850338,0.852196168897078,0.8161219438707187,0.8233847862287169,0.8417757363748468,0.6267449286992487,0.8676646908997243,0.5120055429669057,0.5624526847235745,0.8678423005787907,0.8149380266666413,0.1100460290908813,0.9084924459457397,0.132809042930603,0.1108543872833252,0.1581132411956787,0.0,0.0,0.0,0.0189889669418335,0.0,3.140975952148438
95,1546,volcanoes-e5,5.0,0.2813654604874692,0.2932356520412068,0.26347020463667,0.2575547854779284,0.2462317335197407,0.2911667292939156,0.2014782831167662,0.2166771827046139,0.219864449251393,0.2137758514990724,0.1962220594286919,0.9013452914798208,0.9080717488789236,0.9017937219730943,0.9071748878923767,0.9089686098654708,0.863677130044843,0.8968609865470853,0.8417040358744394,0.8973094170403588,0.8982062780269058,0.8919212758541107,0.800355198120115,0.8415455053794781,0.791346889858804,0.804099181086284,0.8111168867293695,0.6484010727727176,0.8348663383827682,0.5122709357864162,0.5358560838701988,0.8413947072666517,0.7768229722976685,0.1054805517196655,0.8823764324188232,0.1169784069061279,0.09635591506958008,0.1493102312088013,0.0,0.0,0.0,0.01805555820465088,0.0,2.963425755500793
96,1509,walking-activity,22.0,0.6037759699823895,0.4894387187400005,0.5418271480086905,0.6141806446853745,0.6169530377251861,0.5350751848417769,0.1748997948582519,0.5528842642544223,0.5771004437471625,0.2908656151969676,0.4797750979661942,0.6469180031472863,0.5597783506880504,0.5985067130947199,0.660478119663843,0.6630662604212005,0.5844745036327719,0.2781564937891318,0.5945156862088593,0.6195165232530887,0.3498275688887401,0.556371533870697,0.965985407341521,0.9387183024861121,0.9028269835484766,0.9620322034545488,0.9658877005419848,0.7767154303879654,0.8158615429045654,0.782102428970457,0.897625823418247,0.8545890749635794,0.9479247987270355,8.059930920600891,2.077768445014954,3.94597852230072,22.71767520904541,22.6028778553009,0.5780102014541626,0.0462486743927002,0.165958046913147,2.702317237854004,0.04739665985107422,340.3037748336792
97,40691,wine-quality-red,6.0,0.3853017143070895,0.3022147972908736,0.3887191990366881,0.3877826424319309,0.382298498148853,0.3828127779944834,0.3209127033787966,0.3527851491399408,0.3351538913757245,0.314723350345735,0.2764405906200409,0.6831250000000001,0.6400000000000001,0.6828124999999999,0.7015624999999999,0.6915625,0.6175,0.5953125,0.5937499999999999,0.6003125,0.5378125,0.582247120141983,0.8457972609585068,0.8104775143463971,0.8441847582379068,0.8591765773741912,0.870899252577553,0.706347723693552,0.76403815936824,0.6860840402670956,0.7634978722124008,0.7313649690155848,0.7730948030948639,0.1276681423187256,0.9787976741790771,0.1982338428497314,0.2058632373809814,0.2732498645782471,0.002001762390136719,0.002001762390136719,0.00200200080871582,0.03152966499328613,0.0,4.428763508796692
98,40498,wine-quality-white,7.0,0.4246400072716289,0.2827469003012977,0.4156728427686053,0.4210976397132026,0.4237153759889288,0.3803411794076877,0.2731313808094201,0.3656107421304565,0.3654308412686213,0.2644856580854711,0.255524580180645,0.6726530612244898,0.595204081632653,0.669795918367347,0.6880612244897959,0.6936734693877551,0.6173469387755103,0.5354081632653062,0.5900000000000001,0.5995918367346939,0.4401020408163265,0.5459665298461914,0.8420599796538598,0.7831233695207045,0.8381348644793627,0.8661471256465753,0.8768719306794763,0.7159890243105791,0.7113097805868048,0.6928843560514636,0.7739362614419941,0.6683779605845269,0.7921040773391723,0.2513749599456787,1.016324758529663,0.2873632907867432,0.5696074962615967,0.675940752029419,0.02405524253845215,0.0,0.0,0.09523534774780273,0.0,12.83547103404999
99,62,zoo,6.0,0.892749766573296,0.9498412698412698,0.9141005291005291,0.9031746031746032,0.9402116402116402,0.93,0.869074074074074,0.9456582633053221,,0.8961624649859946,0.2952026203274727,0.9650000000000001,0.9799999999999999,0.975,0.97,0.9800000000000001,0.97,0.945,0.985,,0.9649999999999999,0.5269841313362121,1.0,0.9977777777777778,0.9965488476092192,1.0,1.0,0.9833333333333332,0.98593932748538,0.9887254901960784,,0.981781045751634,0.786896389722824,0.03545665740966797,0.889574408531189,0.03234410285949707,0.06304121017456055,0.09619486331939697,0.0,0.0,0.01541805267333984,,0.0,0.8076698780059814
100,,,,0.5718091039916975,0.5507343141153287,0.5399608726876725,0.5587377108220042,0.5561751444481391,0.5302808647009671,0.4802120952406683,0.5019272583476274,0.4944102612699277,0.4532762435081317,0.370754077270627,0.7660058152263518,0.7627767751341193,0.7486227043157758,0.7704992663943396,0.764848569103462,0.7129562966189732,0.6872068153513043,0.6865780913754935,0.7111238873844715,0.6173710445850579,0.6345347088798879,0.8658946875315678,0.8721817714090401,0.8455170950598094,0.8653450211204086,0.8620023528174332,0.7467139573178467,0.8221861327494593,0.7017667120708372,0.7647970378232144,0.8084665462287911,0.7496725740134716,405.56523954868317,650.9406051635742,181.7507325410843,169.06207072734833,145.80941534042358,26.18268048763275,10.323689937591553,13.697262644767767,74.9964519739151,2.2248867750167847,2686.295243740082
